{
  "losses": [
    16.12862356116132,
    14.38853114407237,
    12.846767623250077,
    11.230826482540223,
    9.926378668808356,
    8.741418073816996,
    7.736508529360702,
    6.8979819402462095,
    6.11717528831668,
    5.438011772748901
  ],
  "metrics": {
    "both": {
      "optimistic": {
        "adjusted_arithmetic_mean_rank": 0.9990190732877848,
        "adjusted_arithmetic_mean_rank_index": 0.0009809772851429033,
        "adjusted_geometric_mean_rank_index": -0.019166690042892842,
        "adjusted_hits_at_k": -6.693895209321671e-05,
        "adjusted_inverse_harmonic_mean_rank": -5.6951199478309024e-05,
        "arithmetic_mean_rank": 19378.253533231473,
        "count": 10472.0,
        "geometric_mean_rank": 14544.206023045217,
        "harmonic_mean_rank": 4339.576873743604,
        "hits_at_1": 0.0,
        "hits_at_10": 0.00019098548510313216,
        "hits_at_3": 0.0,
        "hits_at_5": 9.549274255156608e-05,
        "inverse_arithmetic_mean_rank": 5.16042376205428e-05,
        "inverse_geometric_mean_rank": 6.875590172578038e-05,
        "inverse_harmonic_mean_rank": 0.00023043721291134413,
        "inverse_median_rank": 5.20602858109691e-05,
        "median_absolute_deviation": 13761.513792168997,
        "median_rank": 19208.5,
        "standard_deviation": 10944.62589750215,
        "variance": 119784836.03627475,
        "z_arithmetic_mean_rank": 0.17382663943439525,
        "z_geometric_mean_rank": -1.9630232785331287,
        "z_hits_at_k": -0.42648723243225306,
        "z_inverse_harmonic_mean_rank": -0.8953928528061077
      },
      "pessimistic": {
        "adjusted_arithmetic_mean_rank": 0.9990191077487593,
        "adjusted_arithmetic_mean_rank_index": 0.000980942822391806,
        "adjusted_geometric_mean_rank_index": -0.019166827695446198,
        "adjusted_hits_at_k": -6.693895209321671e-05,
        "adjusted_inverse_harmonic_mean_rank": -5.6951258912317385e-05,
        "arithmetic_mean_rank": 19378.254201680673,
        "count": 10472.0,
        "geometric_mean_rank": 14544.207987306276,
        "harmonic_mean_rank": 4339.577992679183,
        "hits_at_1": 0.0,
        "hits_at_10": 0.00019098548510313216,
        "hits_at_3": 0.0,
        "hits_at_5": 9.549274255156608e-05,
        "inverse_arithmetic_mean_rank": 5.160423584046442e-05,
        "inverse_geometric_mean_rank": 6.875589243998492e-05,
        "inverse_harmonic_mean_rank": 0.00023043715349441542,
        "inverse_median_rank": 5.20602858109691e-05,
        "median_absolute_deviation": 13761.513792168997,
        "median_rank": 19208.5,
        "standard_deviation": 10944.625714028738,
        "variance": 119784832.02017906,
        "z_arithmetic_mean_rank": 0.17382053272396547,
        "z_geometric_mean_rank": -1.9630373766985372,
        "z_hits_at_k": -0.42648723243225306,
        "z_inverse_harmonic_mean_rank": -0.8953937872339477
      },
      "realistic": {
        "adjusted_arithmetic_mean_rank": 0.9990191932088989,
        "adjusted_arithmetic_mean_rank_index": 0.0009808573578462543,
        "adjusted_geometric_mean_rank_index": -0.019167239748955955,
        "adjusted_hits_at_k": -6.693895209321671e-05,
        "adjusted_inverse_harmonic_mean_rank": -5.695123865997456e-05,
        "arithmetic_mean_rank": 19378.255859375,
        "count": 10472.0,
        "geometric_mean_rank": 14544.2138671875,
        "harmonic_mean_rank": 4339.57763671875,
        "hits_at_1": 0.0,
        "hits_at_10": 0.00019098548510313216,
        "hits_at_3": 0.0,
        "hits_at_5": 9.549274255156608e-05,
        "inverse_arithmetic_mean_rank": 5.160423097549938e-05,
        "inverse_geometric_mean_rank": 6.8755864049308e-05,
        "inverse_harmonic_mean_rank": 0.0002304371737409383,
        "inverse_median_rank": 5.206028436077759e-05,
        "median_absolute_deviation": 13761.513671875,
        "median_rank": 19208.5,
        "standard_deviation": 10944.6259765625,
        "variance": 119784840.0,
        "z_arithmetic_mean_rank": 0.17380538862741446,
        "z_geometric_mean_rank": -1.9630795785930673,
        "z_hits_at_k": -0.42648723243225306,
        "z_inverse_harmonic_mean_rank": -0.8953934688244463
      }
    },
    "head": {
      "optimistic": {
        "adjusted_arithmetic_mean_rank": 0.9988181503270922,
        "adjusted_arithmetic_mean_rank_index": 0.0011819111799278303,
        "adjusted_geometric_mean_rank_index": -0.008710023738760064,
        "adjusted_hits_at_k": 0.00012157499725178197,
        "adjusted_inverse_harmonic_mean_rank": -1.2732777181984512e-05,
        "arithmetic_mean_rank": 19193.16424751719,
        "count": 5236.0,
        "geometric_mean_rank": 14258.714106674455,
        "harmonic_mean_rank": 3607.5837066262116,
        "hits_at_1": 0.0,
        "hits_at_10": 0.0003819709702062643,
        "hits_at_3": 0.0,
        "hits_at_5": 0.00019098548510313216,
        "inverse_arithmetic_mean_rank": 5.21018831029573e-05,
        "inverse_geometric_mean_rank": 7.013255140110449e-05,
        "inverse_harmonic_mean_rank": 0.00027719384533288996,
        "inverse_median_rank": 5.241227495479441e-05,
        "median_absolute_deviation": 13845.280817514564,
        "median_rank": 19079.5,
        "standard_deviation": 10962.643611779498,
        "variance": 120179554.95888984,
        "z_arithmetic_mean_rank": 0.1480659932082915,
        "z_geometric_mean_rank": -0.6308358410659878,
        "z_hits_at_k": 0.5450596644812207,
        "z_inverse_harmonic_mean_rank": -0.14086707293414324
      },
      "pessimistic": {
        "adjusted_arithmetic_mean_rank": 0.9988181801439218,
        "adjusted_arithmetic_mean_rank_index": 0.0011818813615466217,
        "adjusted_geometric_mean_rank_index": -0.008710104504369376,
        "adjusted_hits_at_k": 0.00012157499725178197,
        "adjusted_inverse_harmonic_mean_rank": -1.2732794523248353e-05,
        "arithmetic_mean_rank": 19193.164820473645,
        "count": 5236.0,
        "geometric_mean_rank": 14258.71524826415,
        "harmonic_mean_rank": 3607.583932251449,
        "hits_at_1": 0.0,
        "hits_at_10": 0.0003819709702062643,
        "hits_at_3": 0.0,
        "hits_at_5": 0.00019098548510313216,
        "inverse_arithmetic_mean_rank": 5.210188154760619e-05,
        "inverse_geometric_mean_rank": 7.013254578611068e-05,
        "inverse_harmonic_mean_rank": 0.0002771938279966538,
        "inverse_median_rank": 5.241227495479441e-05,
        "median_absolute_deviation": 13845.280817514564,
        "median_rank": 19079.5,
        "standard_deviation": 10962.64329314072,
        "variance": 120179547.97264321,
        "z_arithmetic_mean_rank": 0.1480622576583528,
        "z_geometric_mean_rank": -0.6308416906299641,
        "z_hits_at_k": 0.5450596644812207,
        "z_inverse_harmonic_mean_rank": -0.1408672647864817
      },
      "realistic": {
        "adjusted_arithmetic_mean_rank": 0.9988181406987409,
        "adjusted_arithmetic_mean_rank_index": 0.0011819208087802124,
        "adjusted_geometric_mean_rank_index": -0.008709108622790618,
        "adjusted_hits_at_k": 0.00012157499725178197,
        "adjusted_inverse_harmonic_mean_rank": -1.2732777265186132e-05,
        "arithmetic_mean_rank": 19193.1640625,
        "count": 5236.0,
        "geometric_mean_rank": 14258.701171875,
        "harmonic_mean_rank": 3607.583740234375,
        "hits_at_1": 0.0,
        "hits_at_10": 0.0003819709702062643,
        "hits_at_3": 0.0,
        "hits_at_5": 0.00019098548510313216,
        "inverse_arithmetic_mean_rank": 5.210188464843668e-05,
        "inverse_geometric_mean_rank": 7.013261347310618e-05,
        "inverse_harmonic_mean_rank": 0.00027719384524971247,
        "inverse_median_rank": 5.241227336227894e-05,
        "median_absolute_deviation": 13845.28125,
        "median_rank": 19079.5,
        "standard_deviation": 10962.6435546875,
        "variance": 120179560.0,
        "z_arithmetic_mean_rank": 0.14806719947964098,
        "z_geometric_mean_rank": -0.6307695624920626,