{
  "losses": [
    1.022441202184049,
    0.7830137734006091,
    0.5962858163728947,
    0.4760969844533176,
    0.39015172549137256,
    0.32224909461489537,
    0.2759227969842713,
    0.2319666439803635,
    0.19610119283926197,
    0.1726100276701334
  ],
  "metrics": {
    "both": {
      "optimistic": {
        "adjusted_arithmetic_mean_rank": 0.5100763273659643,
        "adjusted_arithmetic_mean_rank_index": 0.48994893127390426,
        "adjusted_geometric_mean_rank_index": 0.8740314649704741,
        "adjusted_hits_at_k": 0.07204868080997273,
        "adjusted_inverse_harmonic_mean_rank": 0.032853958276959104,
        "arithmetic_mean_rank": 9894.093773873186,
        "count": 10472.0,
        "geometric_mean_rank": 1798.5335882283227,
        "harmonic_mean_rank": 30.182402204080667,
        "hits_at_1": 0.011554621848739496,
        "hits_at_10": 0.07228800611153552,
        "hits_at_3": 0.03705118411000764,
        "hits_at_5": 0.05042016806722689,
        "inverse_arithmetic_mean_rank": 0.00010107039844726835,
        "inverse_geometric_mean_rank": 0.00055600852080003,
        "inverse_harmonic_mean_rank": 0.033131889013949985,
        "inverse_median_rank": 0.0002097975453687192,
        "median_absolute_deviation": 7026.793214607301,
        "median_rank": 4766.5,
        "standard_deviation": 11274.540394208589,
        "variance": 127115261.10064115,
        "z_arithmetic_mean_rank": 86.81768427023444,
        "z_geometric_mean_rank": 89.51697492200357,
        "z_hits_at_k": 459.0427773092352,
        "z_inverse_harmonic_mean_rank": 516.5334478825746
      },
      "pessimistic": {
        "adjusted_arithmetic_mean_rank": 0.5100768147426017,
        "adjusted_arithmetic_mean_rank_index": 0.48994844387213954,
        "adjusted_geometric_mean_rank_index": 0.8740313023042943,
        "adjusted_hits_at_k": 0.07204868080997273,
        "adjusted_inverse_harmonic_mean_rank": 0.03285395722375128,
        "arithmetic_mean_rank": 9894.103227654698,
        "count": 10472.0,
        "geometric_mean_rank": 1798.535909426404,
        "harmonic_mean_rank": 30.182403163253507,
        "hits_at_1": 0.011554621848739496,
        "hits_at_10": 0.07228800611153552,
        "hits_at_3": 0.03705118411000764,
        "hits_at_5": 0.05042016806722689,
        "inverse_arithmetic_mean_rank": 0.00010107030187485121,
        "inverse_geometric_mean_rank": 0.0005560078032130723,
        "inverse_harmonic_mean_rank": 0.03313188796104482,
        "inverse_median_rank": 0.0002097975453687192,
        "median_absolute_deviation": 7026.793214607301,
        "median_rank": 4766.5,
        "standard_deviation": 11274.546990451452,
        "variance": 127115409.8398979,
        "z_arithmetic_mean_rank": 86.81759790390151,
        "z_geometric_mean_rank": 89.51695826198053,
        "z_hits_at_k": 459.0427773092352,
        "z_inverse_harmonic_mean_rank": 516.5334313239283
      },
      "realistic": {
        "adjusted_arithmetic_mean_rank": 0.5100765275165342,
        "adjusted_arithmetic_mean_rank_index": 0.4899487311130154,
        "adjusted_geometric_mean_rank_index": 0.8740314491854057,
        "adjusted_hits_at_k": 0.07204868080997273,
        "adjusted_inverse_harmonic_mean_rank": 0.032853955535843915,
        "arithmetic_mean_rank": 9894.09765625,
        "count": 10472.0,
        "geometric_mean_rank": 1798.5338134765625,
        "harmonic_mean_rank": 30.182405471801758,
        "hits_at_1": 0.011554621848739496,
        "hits_at_10": 0.07228800611153552,
        "hits_at_3": 0.03705118411000764,
        "hits_at_5": 0.05042016806722689,
        "inverse_arithmetic_mean_rank": 0.00010107035632245243,
        "inverse_geometric_mean_rank": 0.0005560084246098995,
        "inverse_harmonic_mean_rank": 0.03313188627362251,
        "inverse_median_rank": 0.00020979755208827555,
        "median_absolute_deviation": 7026.79345703125,
        "median_rank": 4766.5,
        "standard_deviation": 11274.5439453125,
        "variance": 127115336.0,
        "z_arithmetic_mean_rank": 86.81764880224229,
        "z_geometric_mean_rank": 89.51697330532083,
        "z_hits_at_k": 459.0427773092352,
        "z_inverse_harmonic_mean_rank": 516.5334047864682
      }
    },
    "head": {
      "optimistic": {
        "adjusted_arithmetic_mean_rank": 0.5682057043987945,
        "adjusted_arithmetic_mean_rank_index": 0.431816767478141,
        "adjusted_geometric_mean_rank_index": 0.7876854735088179,
        "adjusted_hits_at_k": 0.022663732840263684,
        "adjusted_inverse_harmonic_mean_rank": 0.010850845737789497,
        "arithmetic_mean_rank": 10918.569518716578,
        "count": 5236.0,
        "geometric_mean_rank": 3001.981201897137,
        "harmonic_mean_rank": 89.7857668165203,
        "hits_at_1": 0.003246753246753247,
        "hits_at_10": 0.02291825821237586,
        "hits_at_3": 0.008021390374331552,
        "hits_at_5": 0.012032085561497326,
        "inverse_arithmetic_mean_rank": 9.158708915905175e-05,
        "inverse_geometric_mean_rank": 0.00033311334506959546,
        "inverse_harmonic_mean_rank": 0.011137622759780265,
        "inverse_median_rank": 0.000156128024980484,
        "median_absolute_deviation": 9247.731337928692,
        "median_rank": 6405.0,
        "standard_deviation": 11417.720734973176,
        "variance": 130364346.78183639,
        "z_arithmetic_mean_rank": 54.09660188217089,
        "z_geometric_mean_rank": 57.04923925352513,
        "z_hits_at_k": 101.60877562861782,
        "z_inverse_harmonic_mean_rank": 120.04662110203498
      },
      "pessimistic": {
        "adjusted_arithmetic_mean_rank": 0.5682061615901809,
        "adjusted_arithmetic_mean_rank_index": 0.43181631026296097,
        "adjusted_geometric_mean_rank_index": 0.7876852614649463,
        "adjusted_hits_at_k": 0.022663732840263684,
        "adjusted_inverse_harmonic_mean_rank": 0.010850845426020295,
        "arithmetic_mean_rank": 10918.578304048893,
        "count": 5236.0,
        "geometric_mean_rank": 3001.9841990527407,
        "harmonic_mean_rank": 89.7857693291141,
        "hits_at_1": 0.003246753246753247,
        "hits_at_10": 0.02291825821237586,
        "hits_at_3": 0.008021390374331552,
        "hits_at_5": 0.012032085561497326,
        "inverse_arithmetic_mean_rank": 9.158701546603132e-05,
        "inverse_geometric_mean_rank": 0.00033311301249205254,
        "inverse_harmonic_mean_rank": 0.011137622448101452,
        "inverse_median_rank": 0.000156128024980484,
        "median_absolute_deviation": 9247.731337928692,
        "median_rank": 6405.0,
        "standard_deviation": 11417.726133707276,
        "variance": 130364470.06434211,
        "z_arithmetic_mean_rank": 54.09654460373838,
        "z_geometric_mean_rank": 57.04922389594654,
        "z_hits_at_k": 101.60877562861782,
        "z_inverse_harmonic_mean_rank": 120.04661765282556
      },
      "realistic": {
        "adjusted_arithmetic_mean_rank": 0.5682058981693625,
        "adjusted_arithmetic_mean_rank_index": 0.4318165736974886,
        "adjusted_geometric_mean_rank_index": 0.787685318107169,
        "adjusted_hits_at_k": 0.022663732840263684,
        "adjusted_inverse_harmonic_mean_rank": 0.010850845386476238,
        "arithmetic_mean_rank": 10918.5732421875,
        "count": 5236.0,
        "geometric_mean_rank": 3001.9833984375,
        "harmonic_mean_rank": 89.7857666015625,
        "hits_at_1": 0.003246753246753247,
        "hits_at_10": 0.02291825821237586,
        "hits_at_3": 0.008021390374331552,
        "hits_at_5": 0.012032085561497326,
        "inverse_arithmetic_mean_rank": 9.15870550670661e-05,
        "inverse_geometric_mean_rank": 0.00033311310107819736,
        "inverse_harmonic_mean_rank": 0.011137622408568859,
        "inverse_median_rank": 0.00015612802235409617,
        "median_absolute_deviation": 9247.7314453125,
        "median_rank": 6405.0,
        "standard_deviation": 11417.7236328125,
        "variance": 130364408.0,